f09e159a-579f-4946-8e3e-44eee0bb2d61.png,15170142405_e25a697dec.png
417a221e-478d-4640-88f8-0288c79b1fd0.png,15423381218_f5890f9b1a.png
f2513337-9848-4696-977d-02c28ce03cc4.png,15423495447_d3025224a7.png
6224af22-4fb9-4bbe-b977-449655af005b.png,15423495607_a08465f20a.png
e78b6c28-9b70-417c-9936-f9d7a0f71c7b.png,15477229505_17a4c7f1f2.png
5d110fc3-e86a-4789-abe2-b87900266ad4.png,15606831221_c49b07ea4d.png
446cc577-9c2e-4561-822f-cf847d3ec319.png,15717225358_f6670fef32.png
f09e159a-579f-4946-8e3e-44eee0bb2d61.png,16945993822_725993c9a3_h.png
cdabd6f8-6854-4f23-8ab7-e9ca4b548d83.png,21497415162_1066c3ec4f.png
bd45f764-5dd6-46e4-b00c-8444d67d8d86.png,21538415526_e36a259afb.png
24320bcb-52a2-4d9e-aa59-fbee7dea0b75.png,240796070_72435735b8.png
7134822e-9492-4447-a1a5-0e4436c62d9a.png,240796090_b230f62965.png
64567715-0d32-4b9d-aaf0-7179f5a722c7.png,240796185_75ff2b1cd2.png
c048c0a2-4d8a-49c8-a24e-1b34b23c54ac.png,240796218_a11a9bf220.png
c4379f2b-abed-495c-91ea-12deaaf925c1.png,240796294_ee89c7e42b.png
ae361074-6c4e-4ded-a304-e7b2fe5dc1b8.png,240796349_401dcb40d4.png
11dd3099-0bdc-4462-9bb0-3909a3cb6445.png,240796408_dca73a1860.png
f63f04d6-a814-4610-b2bb-b06674f87e41.png,240796459_5d43abfee7.png
f09e159a-579f-4946-8e3e-44eee0bb2d61.png,240796519_04f55e2ce8.png
f09e159a-579f-4946-8e3e-44eee0bb2d61.png,240796624_d0eb05b967.png
e7a14fa9-d60c-44ea-8c2f-6ca489481e3e.png,240796685_52077bc540.png
901dae8e-19a1-4a57-9a6b-3a246ef5c7e3.png,240796732_f927dabc24.png
65971c4b-3888-4504-b82e-da5272cb80bf.png,240796830_00a7eb5e93.png
23d1e188-a0ac-443b-878a-4d9296f8b834.png,240796885_707a9834e5.png
f09e159a-579f-4946-8e3e-44eee0bb2d61.png,240796923_838f77df97.png
aebeda54-c671-4681-9a43-f7a921bd1fba.png,240796973_7a137b9236.png
d6f7c663-2106-4405-8270-7ae15f5de852.png,240797112_05faff455e.png
43fafbf7-343b-4709-80e1-fd4202cfef13.png,240797160_5c3f82e272.png
b2ca132d-6c6b-4ef7-80ec-df4a080d07d5.png,240797205_cab7789464.png
02d4f283-46d0-49d8-9648-d24b5628b2ca.png,240797254_d2152e2f57.png
1a9cd9db-d047-47a8-80c4-5be2c8a90ed4.png,240797306_06e85e50d6.png
f09e159a-579f-4946-8e3e-44eee0bb2d61.png,240797363_23049a4e37.png
f09e159a-579f-4946-8e3e-44eee0bb2d61.png,240797422_b3b972d57c.png
ecb8a1e0-82ab-441d-b97d-3369b1ba46cb.png,240797460_70a6210323.png
34ec6dcb-4c6d-4f00-9d5b-fa95abd55872.png,240797516_4a365afd01.png
99e9022c-8649-45f8-89a3-5084486955f2.png,240797570_c804e44de7.png
604902e1-149f-4e14-a36f-26846f6f7012.png,240797614_9cd5c4a83d.png
39d9c7dd-557a-4626-b5b2-29a2c9e0d4a2.png,240797701_9cd53e3102.png
ee31c1d6-97f4-4dfb-b082-7c9d3292b427.png,240797758_fdc1493d8a.png
b3da5bfe-04b1-445d-8675-b77f9da43716.png,240797823_913416a302.png
39d9c7dd-557a-4626-b5b2-29a2c9e0d4a2.png,240797880_eccf2d13fd.png
f09e159a-579f-4946-8e3e-44eee0bb2d61.png,25156333375_04dfbb2693.png
65bd6000-cc5a-478b-bbd6-c9b9b2f654a0.png,25348386245_dc6c1f30b3.png
f09e159a-579f-4946-8e3e-44eee0bb2d61.png,25420162053_2efa6e5d24.png
39d9c7dd-557a-4626-b5b2-29a2c9e0d4a2.png,2546342020_5ec430814e.png
d3ebd04c-2687-4708-99f0-2f4257c68cfd.png,25875808923_8a31c04d96.png
7699964b-8f55-40f3-9bcb-37d280bf4bcb.png,26153478043_eb5de77d62_h.png
6964b9f8-5ee5-4693-a44b-031af7255899.png,26266393813_cbfff23f6d.png
56234e3f-2d68-4fe3-afc8-f90be80adaa0.png,26312630994_d2c8d68a94.png
6524cbe9-0f4e-43a0-9c4a-84a4b8b1f8ee.png,26312669673_afb3cf06e0_h.png
